Segment,TotalRevenue,TotalInvoices,ReturnedItems,BoughtItems,AvgBasketSize,AvgSubtotal,AvgItemCost
Loyal,8442862.004,23419.0,208530.0,5526939.0,236.00234852043212,360.51334403689316,1.527583713878514
BigSpender,8442862.004,23419.0,208530.0,5526939.0,236.00234852043212,360.51334403689316,1.527583713878514
DealSeeker,8442862.004,23419.0,208530.0,5526939.0,236.00234852043212,360.51334403689316,1.527583713878514
Churned,8442862.004,23419.0,208530.0,5526939.0,236.00234852043212,360.51334403689316,1.527583713878514
NewCustomer,8442862.004,23419.0,208530.0,5526939.0,236.00234852043212,360.51334403689316,1.527583713878514
